Workbook

Sheet Instructions
A1: PANTHRA — First Client Tracker
A2: Silent protection. Absolute security. · Calgary / Alberta outreach
A5: How to use this workbook
A6: 1 | B6: Work in the industry tabs (Legal, Healthcare, Financial, Agencies, Education).
A7: 2 | B7: Add one row per prospect. Fill Personalization note before sending Email 1.
A8: 3 | B8: Set Status from the dropdown. Update Next follow-up every time you send.
A9: 4 | B9: Each morning: sort/filter by Next follow-up (today + overdue first).
A10: 5 | B10: When they reply → Status = replied and STOP the sequence.
A12: Follow-up timing
B13: Email 1 → +3 days → Email 2
B14: Email 2 → +4 days → Email 3
B15: Email 3 → +5 days → Email 4
B16: No reply after Email 4 → lost or nurture (+60–90 days)
A18: Pace
B19: 5–8 new Email 1s per day. Quality over volume.
A21: Status values
A23: Status | B23: Meaning
A24: research | B24: Qualified, not emailed yet
A25: email1_sent | B25: Snapshot offer sent
A26: email2_sent | B26: Risk follow-up sent
A27: email3_sent | B27: Value / why-us sent
A28: email4_sent | B28: Soft break-up sent
A29: replied | B29: They answered — stop sequence
A30: call_booked | B30: Snapshot / discovery on calendar
A31: won | B31: Paid engagement closed
A32: lost | B32: Clear no or finished cold
A33: nurture | B33: Revisit in 60–90 days
A34: unsubscribed | B34: Never email again

Sheet Overview
A1: Pipeline overview
A2: Counts pull from each industry sheet (rows 2–100). Refresh by editing data — formulas update automatically.
A4: Industry | B4: Active prospects | C4: Due / overdue follow-ups | D4: Calls booked | E4: Won
A5: Legal | B5: =COUNTIFS('Legal'!A2:A100,"<>")-COUNTIF('Legal'!A2:A100,"*EXAMPLE*") | C5: =COUNTIFS('Legal'!J2:J100,"<="&TODAY(),'Legal'!I2:I100,"<>won",'Legal'!I2:I100,"<>lost",'Legal'!I2:I100,"<>unsubscribed",'Legal'!A2:A100,"<>")-COUNTIFS('Legal'!A2:A100,"*EXAMPLE*",'Legal'!J2:J100,"<="&TODAY()) | D5: =COUNTIF('Legal'!I2:I100,"call_booked") | E5: =COUNTIF('Legal'!I2:I100,"won")
A6: Healthcare | B6: =COUNTIFS('Healthcare'!A2:A100,"<>")-COUNTIF('Healthcare'!A2:A100,"*EXAMPLE*") | C6: =COUNTIFS('Healthcare'!J2:J100,"<="&TODAY(),'Healthcare'!I2:I100,"<>won",'Healthcare'!I2:I100,"<>lost",'Healthcare'!I2:I100,"<>unsubscribed",'Healthcare'!A2:A100,"<>")-COUNTIFS('Healthcare'!A2:A100,"*EXAMPLE*",'Healthcare'!J2:J100,"<="&TODAY()) | D6: =COUNTIF('Healthcare'!I2:I100,"call_booked") | E6: =COUNTIF('Healthcare'!I2:I100,"won")
A7: Financial | B7: =COUNTIFS('Financial'!A2:A100,"<>")-COUNTIF('Financial'!A2:A100,"*EXAMPLE*") | C7: =COUNTIFS('Financial'!J2:J100,"<="&TODAY(),'Financial'!I2:I100,"<>won",'Financial'!I2:I100,"<>lost",'Financial'!I2:I100,"<>unsubscribed",'Financial'!A2:A100,"<>")-COUNTIFS('Financial'!A2:A100,"*EXAMPLE*",'Financial'!J2:J100,"<="&TODAY()) | D7: =COUNTIF('Financial'!I2:I100,"call_booked") | E7: =COUNTIF('Financial'!I2:I100,"won")
A8: Agencies | B8: =COUNTIFS('Agencies'!A2:A100,"<>")-COUNTIF('Agencies'!A2:A100,"*EXAMPLE*") | C8: =COUNTIFS('Agencies'!J2:J100,"<="&TODAY(),'Agencies'!I2:I100,"<>won",'Agencies'!I2:I100,"<>lost",'Agencies'!I2:I100,"<>unsubscribed",'Agencies'!A2:A100,"<>")-COUNTIFS('Agencies'!A2:A100,"*EXAMPLE*",'Agencies'!J2:J100,"<="&TODAY()) | D8: =COUNTIF('Agencies'!I2:I100,"call_booked") | E8: =COUNTIF('Agencies'!I2:I100,"won")
A9: Education | B9: =COUNTIFS('Education'!A2:A100,"<>")-COUNTIF('Education'!A2:A100,"*EXAMPLE*") | C9: =COUNTIFS('Education'!J2:J100,"<="&TODAY(),'Education'!I2:I100,"<>won",'Education'!I2:I100,"<>lost",'Education'!I2:I100,"<>unsubscribed",'Education'!A2:A100,"<>")-COUNTIFS('Education'!A2:A100,"*EXAMPLE*",'Education'!J2:J100,"<="&TODAY()) | D9: =COUNTIF('Education'!I2:I100,"call_booked") | E9: =COUNTIF('Education'!I2:I100,"won")
A10: TOTAL | B10: =SUM(B5:B9) | C10: =SUM(C5:C9) | D10: =SUM(D5:D9) | E10: =SUM(E5:E9)
A12: Status legend across all industries
A13: Status | B13: Count
A14: research | B14: =COUNTIF('Legal'!I2:I100,"research")+COUNTIF('Healthcare'!I2:I100,"research")+COUNTIF('Financial'!I2:I100,"research")+COUNTIF('Agencies'!I2:I100,"research")+COUNTIF('Education'!I2:I100,"research")
A15: email1_sent | B15: =COUNTIF('Legal'!I2:I100,"email1_sent")+COUNTIF('Healthcare'!I2:I100,"email1_sent")+COUNTIF('Financial'!I2:I100,"email1_sent")+COUNTIF('Agencies'!I2:I100,"email1_sent")+COUNTIF('Education'!I2:I100,"email1_sent")
A16: email2_sent | B16: =COUNTIF('Legal'!I2:I100,"email2_sent")+COUNTIF('Healthcare'!I2:I100,"email2_sent")+COUNTIF('Financial'!I2:I100,"email2_sent")+COUNTIF('Agencies'!I2:I100,"email2_sent")+COUNTIF('Education'!I2:I100,"email2_sent")
A17: email3_sent | B17: =COUNTIF('Legal'!I2:I100,"email3_sent")+COUNTIF('Healthcare'!I2:I100,"email3_sent")+COUNTIF('Financial'!I2:I100,"email3_sent")+COUNTIF('Agencies'!I2:I100,"email3_sent")+COUNTIF('Education'!I2:I100,"email3_sent")
A18: email4_sent | B18: =COUNTIF('Legal'!I2:I100,"email4_sent")+COUNTIF('Healthcare'!I2:I100,"email4_sent")+COUNTIF('Financial'!I2:I100,"email4_sent")+COUNTIF('Agencies'!I2:I100,"email4_sent")+COUNTIF('Education'!I2:I100,"email4_sent")
A19: replied | B19: =COUNTIF('Legal'!I2:I100,"replied")+COUNTIF('Healthcare'!I2:I100,"replied")+COUNTIF('Financial'!I2:I100,"replied")+COUNTIF('Agencies'!I2:I100,"replied")+COUNTIF('Education'!I2:I100,"replied")
A20: call_booked | B20: =COUNTIF('Legal'!I2:I100,"call_booked")+COUNTIF('Healthcare'!I2:I100,"call_booked")+COUNTIF('Financial'!I2:I100,"call_booked")+COUNTIF('Agencies'!I2:I100,"call_booked")+COUNTIF('Education'!I2:I100,"call_booked")
A21: won | B21: =COUNTIF('Legal'!I2:I100,"won")+COUNTIF('Healthcare'!I2:I100,"won")+COUNTIF('Financial'!I2:I100,"won")+COUNTIF('Agencies'!I2:I100,"won")+COUNTIF('Education'!I2:I100,"won")
A22: lost | B22: =COUNTIF('Legal'!I2:I100,"lost")+COUNTIF('Healthcare'!I2:I100,"lost")+COUNTIF('Financial'!I2:I100,"lost")+COUNTIF('Agencies'!I2:I100,"lost")+COUNTIF('Education'!I2:I100,"lost")
A23: nurture | B23: =COUNTIF('Legal'!I2:I100,"nurture")+COUNTIF('Healthcare'!I2:I100,"nurture")+COUNTIF('Financial'!I2:I100,"nurture")+COUNTIF('Agencies'!I2:I100,"nurture")+COUNTIF('Education'!I2:I100,"nurture")
A24: unsubscribed | B24: =COUNTIF('Legal'!I2:I100,"unsubscribed")+COUNTIF('Healthcare'!I2:I100,"unsubscribed")+COUNTIF('Financial'!I2:I100,"unsubscribed")+COUNTIF('Agencies'!I2:I100,"unsubscribed")+COUNTIF('Education'!I2:I100,"unsubscribed")
A27: Tip: In Google Sheets, File → Import this .xlsx. Dropdowns and formulas carry over; freeze row 1 on each industry tab if needed.

Sheet Legal
A1: Company | B1: City | C1: Employees (est.) | D1: Contact name | E1: Title | F1: Email | G1: Personalization note | H1: Source | I1: Status | J1: Next follow-up | K1: Email 1 date | L1: Email 2 date | M1: Email 3 date | N1: Email 4 date | O1: Last reply date | P1: Last reply summary | Q1: Call booked date | R1: Outcome | S1: Notes
A2: Riverbend Law LLP (EXAMPLE) | B2: Calgary | C2: 35 | D2: Jordan Lee | E2: Managing Partner | F2: jordan@example.com | G2: Hybrid team + client portal on site | H2: Website | I2: email1_sent | J2: 46226 | K2: 46223 | S2: Delete this example row when you add real prospects

Sheet Healthcare
A1: Company | B1: City | C1: Employees (est.) | D1: Contact name | E1: Title | F1: Email | G1: Personalization note | H1: Source | I1: Status | J1: Next follow-up | K1: Email 1 date | L1: Email 2 date | M1: Email 3 date | N1: Email 4 date | O1: Last reply date | P1: Last reply summary | Q1: Call booked date | R1: Outcome | S1: Notes

Sheet Financial
A1: Company | B1: City | C1: Employees (est.) | D1: Contact name | E1: Title | F1: Email | G1: Personalization note | H1: Source | I1: Status | J1: Next follow-up | K1: Email 1 date | L1: Email 2 date | M1: Email 3 date | N1: Email 4 date | O1: Last reply date | P1: Last reply summary | Q1: Call booked date | R1: Outcome | S1: Notes

Sheet Agencies
A1: Company | B1: City | C1: Employees (est.) | D1: Contact name | E1: Title | F1: Email | G1: Personalization note | H1: Source | I1: Status | J1: Next follow-up | K1: Email 1 date | L1: Email 2 date | M1: Email 3 date | N1: Email 4 date | O1: Last reply date | P1: Last reply summary | Q1: Call booked date | R1: Outcome | S1: Notes

Sheet Education
A1: Company | B1: City | C1: Employees (est.) | D1: Contact name | E1: Title | F1: Email | G1: Personalization note | H1: Source | I1: Status | J1: Next follow-up | K1: Email 1 date | L1: Email 2 date | M1: Email 3 date | N1: Email 4 date | O1: Last reply date | P1: Last reply summary | Q1: Call booked date | R1: Outcome | S1: Notes
